user_id,card_number,card_holder,expiry_date,cvv,billing_address
1,4111111111111111,Nayana,12/25,123,"123 Main St, Anytown, USA"
2,4111111111111111,pujitha,12/25,123,"123 Main St, Anytown, USA"
3,4111111111111111,khyati,12/25,123,"123 Main St, Anytown, USA"
4,4111111111111111,Tanusri,12/25,123,"123 Main St, Anytown, USA"
5,4111111111111111,Samata,12/25,123,"123 Main St, Anytown, USA"
6,4111111111111111,tanusha,12/25,123,"123 Main St, Anytown, USA"
6,4111111111111111,tanusha,12/25,123,"123 Main St, Anytown, USA"
8,4111111111111111,Ganesh,12/25,123,"123 Main St, Anytown, USA"
9,4111111111111111,Sukanya,12/25,123,"123 Main St, Anytown, USA"
